"Company Name",State,"Company Status","Last Modified on"
"Elizabethtown Nursing &amp; Rehabilitation Center",NC,none,"November 5, 2020 @ 8:05 am by Waleed"
"Birch Manor",LA,none,"November 5, 2020 @ 7:47 am by Waleed"
"The Portopiccolo Group",NJ,none,"November 5, 2020 @ 5:11 am by Waleed"
"Orchid Cove Health Group",FL,none,"November 5, 2020 @ 5:11 am by Waleed"
"Ingraham Manor at Bristol Hospital",CT,none,"November 2, 2020 @ 9:34 am by Mandy.Lytle"
"The Compliance Store",AL,none,"October 19, 2020 @ 11:57 am by Waleed"
"Strand-Kjorsvig Rest Home",SD,disable,"October 16, 2020 @ 3:34 pm by Mandy.Lytle"
"Woodlands Retirement Community",WV,disable,"October 16, 2020 @ 8:24 am by Mandy.Lytle"
"Park Ridge Nursing Center",FL,none,"October 12, 2020 @ 4:09 pm by Mandy.Lytle"
"Enterprise Health and Rehabilitation",AL,none,"October 6, 2020 @ 11:46 am by Mandy.Lytle"
"Traditions Management",LA,disable,"October 1, 2020 @ 1:59 pm by Mandy.Lytle"
"Mahoning Valley Nursing &amp; Rehab Center",PA,none,"September 24, 2020 @ 10:37 am by Mandy.Lytle"
"BMSH I Lakewood Co LLC",CO,none,"September 22, 2020 @ 2:37 pm by Mandy.Lytle"
"Cottonwood Senior Care LLC",CO,none,"September 22, 2020 @ 2:37 pm by Mandy.Lytle"
"Ascent Living Communities",CO,none,"September 22, 2020 @ 2:37 pm by Mandy.Lytle"
"Creve Coeur Manor",MO,none,"September 21, 2020 @ 10:48 am by Mandy.Lytle"
"U-City Forest Manor",MO,none,"September 21, 2020 @ 10:48 am by Mandy.Lytle"
"Oak View Rehabilitation Center",FL,none,"September 4, 2020 @ 2:59 pm by Mandy.Lytle"
"St. Joseph's Rehab &amp; Care Center",NE,none,"September 4, 2020 @ 2:01 pm by Emily.Foreman"
"St. Luke's Regional Medical Center Ltd",ID,none,"September 3, 2020 @ 3:54 pm by Mandy.Lytle"
"Floy Dyer Manor",MS,none,"September 2, 2020 @ 3:19 pm by Mandy.Lytle"
"Christian Care Fellowship Square",AZ,none,"September 1, 2020 @ 8:06 am by Mandy.Lytle"
"The Terraces of Phoenix",AZ,none,"August 27, 2020 @ 4:04 pm by Mandy.Lytle"
"Marywood Nursing Care Center",MI,none,"August 26, 2020 @ 10:52 am by Mandy.Lytle"
"Marwood Nursing &amp; Rehab",MI,none,"August 26, 2020 @ 10:52 am by Mandy.Lytle"
"Spring Creek Health Care",KY,none,"August 25, 2020 @ 2:23 pm by Mandy.Lytle"
"Wellsprings of Gilbert",AZ,none,"August 25, 2020 @ 1:43 pm by Mandy.Lytle"
"Broadview Development Associates II, LP dba Ida Culver House",WA,disable,"August 20, 2020 @ 9:22 am by Mandy.Lytle"
"Mount Carmel Home Keens Memorial",NE,none,"August 19, 2020 @ 9:11 am by Mandy.Lytle"
"Holladay Home for The Elderly",UT,disable,"August 12, 2020 @ 3:12 pm by Mandy.Lytle"
"Westminster Village",AZ,none,"August 12, 2020 @ 2:22 pm by Emily.Foreman"
"Salmon Health and Retirement",MA,none,"August 11, 2020 @ 4:44 pm by Mandy.Lytle"
"Crista Ministries",WA,none,"August 7, 2020 @ 3:01 pm by lorrel.filliater"
"Arden Wood",TX,none,"August 7, 2020 @ 10:41 am by Mandy.Lytle"
"Arden Place",TX,none,"August 7, 2020 @ 10:41 am by Mandy.Lytle"
"Arden Place of Beaumont",TX,none,"August 7, 2020 @ 10:40 am by Mandy.Lytle"
"NuVision Management",FL,none,"August 4, 2020 @ 2:06 pm by Mandy.Lytle"
"Westminster Village Muncie",IN,none,"July 30, 2020 @ 4:47 pm by Mandy.Lytle"
"Stonerise Healthcare",WV,none,"July 30, 2020 @ 3:42 pm by Mandy.Lytle"
"MK Management",TN,none,"July 30, 2020 @ 3:38 pm by Mandy.Lytle"
"Lewiston Veterans Home",ID,none,"July 30, 2020 @ 3:37 pm by Mandy.Lytle"
"Pocatello Veterans Home",ID,none,"July 30, 2020 @ 3:36 pm by Mandy.Lytle"
"Boise Veterans Home",ID,none,"July 30, 2020 @ 3:33 pm by Mandy.Lytle"
"Idaho Division of Veterans Services",ID,none,"July 30, 2020 @ 3:30 pm by Mandy.Lytle"
"Memphis Jewish Home",TN,none,"July 30, 2020 @ 3:28 pm by Mandy.Lytle"
"Lauderdale Christian Nursing Home",AL,none,"July 30, 2020 @ 3:25 pm by Mandy.Lytle"
"Southland Health Care Center",SC,none,"July 30, 2020 @ 3:23 pm by Mandy.Lytle"
"Southland Nursing Home",AL,none,"July 30, 2020 @ 3:23 pm by Mandy.Lytle"
"Sasser Enterprises",AL,none,"July 30, 2020 @ 3:22 pm by Mandy.Lytle"
"Andalusia Manor",AL,none,"July 30, 2020 @ 3:21 pm by Mandy.Lytle"
"Senior Rehab and Recovery Center at Limestone Health Facility",AL,none,"July 30, 2020 @ 3:19 pm by Mandy.Lytle"
"Bayview Manor",WA,none,"July 30, 2020 @ 2:00 pm by lorrel.filliater"
"Green Meadows Health Care Center",KY,none,"July 29, 2020 @ 11:38 am by Mandy.Lytle"
"Lanessa Extended Care",MA,none,"July 28, 2020 @ 3:57 pm by Mandy.Lytle"
"Evergreen Health Care Center",CT,none,"July 27, 2020 @ 3:12 pm by Mandy.Lytle"
"Paddock Ridge",FL,none,"July 24, 2020 @ 3:28 pm by Mandy.Lytle"
"Medilodge of Farmington",MI,none,"July 23, 2020 @ 8:42 am by Mandy.Lytle"
"Medilodge of Montrose",MI,none,"July 22, 2020 @ 4:11 pm by Mandy.Lytle"
"Arbors at Gallipolis",MI,none,"July 22, 2020 @ 2:37 pm by Mandy.Lytle"
"Huntingdon Healthcare",TN,none,"July 22, 2020 @ 10:26 am by Mandy.Lytle"
"Greystone Health Care Center",TN,none,"July 21, 2020 @ 2:01 pm by Mandy.Lytle"
"Medilodge of Sterling",MI,none,"July 20, 2020 @ 4:55 pm by Mandy.Lytle"
"Ripley Crossing",IN,none,"July 20, 2020 @ 3:32 pm by Mandy.Lytle"
"Heatherwood Rehabilitation and Health Care Center",RI,none,"July 15, 2020 @ 3:26 pm by Mandy.Lytle"
"Phenix City Health Care",AL,none,"July 15, 2020 @ 8:31 am by lorrel.filliater"
"Ave Maria Home",TN,disable,"July 13, 2020 @ 8:29 am by Mandy.Lytle"
"Rocky Mountain Care",UT,none,"July 10, 2020 @ 3:37 pm by lorrel.filliater"
"Dinwiddie Health and Rehab",VA,none,"July 8, 2020 @ 9:58 am by Mandy.Lytle"
"St. Joseph's Home for the Elderly",NJ,none,"July 6, 2020 @ 2:38 pm by Mandy.Lytle"
"Stonehill Care Center",IA,none,"July 6, 2020 @ 2:37 pm by Mandy.Lytle"
"California Home for the Aged, dba California Armenian Home",CA,none,"July 6, 2020 @ 2:36 pm by Mandy.Lytle"
"The Pines at Whiting",NJ,none,"July 6, 2020 @ 2:35 pm by Mandy.Lytle"
"Golden Living Center Admin Council",OH,none,"July 2, 2020 @ 1:19 pm by Mandy.Lytle"
"Woodlands Living Center",IN,none,"July 2, 2020 @ 11:02 am by Mandy.Lytle"
"Woodbridge Living Center",IN,none,"July 2, 2020 @ 11:01 am by Mandy.Lytle"
"Willow Springs Living Center",IN,none,"July 2, 2020 @ 11:01 am by Mandy.Lytle"
"Valparaiso Living Center",IN,none,"July 2, 2020 @ 11:00 am by Mandy.Lytle"
"Sycamore Village Living Center",IN,none,"July 2, 2020 @ 10:58 am by Mandy.Lytle"
"Petersburg Living Center",IN,none,"July 2, 2020 @ 9:37 am by Mandy.Lytle"
"Muncie Living Center",IN,none,"July 2, 2020 @ 9:33 am by Mandy.Lytle"
"Mishawaka Living Center",IN,none,"July 2, 2020 @ 9:33 am by Mandy.Lytle"
"Merrillville Living Center",IN,none,"July 2, 2020 @ 9:31 am by Mandy.Lytle"
"Lincoln Hills Living Center",IN,none,"July 2, 2020 @ 9:30 am by Mandy.Lytle"
"Laporte Living Center",IN,none,"July 2, 2020 @ 9:30 am by Mandy.Lytle"
"Knox Living Center",IN,none,"July 2, 2020 @ 9:11 am by Mandy.Lytle"
"Indianapolis Living Center",IN,none,"July 2, 2020 @ 9:11 am by Mandy.Lytle"
"Golden Rule Living Center",IN,none,"July 2, 2020 @ 9:00 am by Mandy.Lytle"
"Fountainview Terrace Living Center",IN,none,"July 2, 2020 @ 9:00 am by Mandy.Lytle"
"Fountainview Place Living Center",IN,none,"July 2, 2020 @ 8:59 am by Mandy.Lytle"
"Elkhart Living Center",IN,none,"July 2, 2020 @ 8:58 am by Mandy.Lytle"
"Brookview Living Center",IN,none,"July 2, 2020 @ 8:58 am by Mandy.Lytle"
"Brentwood Living Center",IN,none,"July 2, 2020 @ 8:57 am by Mandy.Lytle"
"Bloomington Living Center",IN,none,"July 2, 2020 @ 8:57 am by Mandy.Lytle"
"Brandywine Living Center",IN,none,"July 2, 2020 @ 8:56 am by Mandy.Lytle"
"Concourse Rehabilitation &amp; Nursing Center",NY,none,"July 1, 2020 @ 1:54 pm by Mandy.Lytle"
"Pilgrim Manor, Inc.",MI,disable,"July 1, 2020 @ 8:42 am by Mandy.Lytle"
"Camden Nursing Facility",AL,none,"June 26, 2020 @ 2:33 pm by lorrel.filliater"
"Prestige Care Center of Nebraska City",NE,none,"June 24, 2020 @ 11:26 am by Mandy.Lytle"
"Cape Heritage",MA,none,"June 23, 2020 @ 10:43 am by Mandy.Lytle"
"Trial Company",AL,none,"June 22, 2020 @ 11:11 am by lorrel.filliater"
"Tacoma Nursing and Rehab",WA,none,"June 18, 2020 @ 12:57 pm by lorrel.filliater"
"Columbia Lutheran Home",WA,none,"June 11, 2020 @ 3:31 pm by Mandy.Lytle"
"Clara Baldwin Stocker",CA,none,"June 10, 2020 @ 2:30 pm by Mandy.Lytle"
"Nebraska State Veterans Home",NE,none,"June 8, 2020 @ 11:11 am by Mandy.Lytle"
"Emerald Heights",WA,none,"June 1, 2020 @ 3:18 pm by lorrel.filliater"
"Greenbrier Senior Living",AL,none,"June 1, 2020 @ 1:55 pm by Mandy.Lytle"
"Burcham Hills",MI,disable,"June 1, 2020 @ 7:55 am by Mandy.Lytle"
"Warm Beach Health Care Center",WA,none,"May 29, 2020 @ 11:34 am by Mandy.Lytle"
"Maple Manor Rehabilitation (Novi)",MI,none,"May 29, 2020 @ 9:59 am by Mandy.Lytle"
"Maple Manor Rehabilitation (Wayne)",MI,none,"May 29, 2020 @ 9:57 am by Mandy.Lytle"
"The Beatitudes Campus",AZ,none,"May 21, 2020 @ 11:22 am by Mandy.Lytle"
"Delta Rehabilitation Center",WA,none,"May 18, 2020 @ 4:10 pm by Mandy.Lytle"
"IHM Senior Living Community",MI,none,"May 18, 2020 @ 10:01 am by lorrel.filliater"
"WRC Senior Services",PA,none,"May 14, 2020 @ 3:01 pm by Mandy.Lytle"
"Redstone Village",AL,none,"May 14, 2020 @ 10:37 am by lorrel.filliater"
"Stafford Healthcare",WA,none,"May 13, 2020 @ 3:22 pm by lorrel.filliater"
"Christwood Retirement Community",LA,none,"May 13, 2020 @ 2:34 pm by Mandy.Lytle"
"USA Healthcare",AL,none,"May 13, 2020 @ 10:45 am by lorrel.filliater"
"Self Health Care and Rehab Center Inc",AL,none,"May 12, 2020 @ 12:09 pm by lorrel.filliater"
"Glenview Health Care",KY,none,"May 12, 2020 @ 8:52 am by lorrel.filliater"
"Christian Health Care Center",WA,none,"May 11, 2020 @ 2:10 pm by lorrel.filliater"
"The Wisdom Group",AL,none,"May 11, 2020 @ 11:18 am by Mandy.Lytle"
"Oakview Manor",AL,none,"May 11, 2020 @ 11:17 am by Mandy.Lytle"
"Harborview Health System",GA,none,"May 11, 2020 @ 8:39 am by Mandy.Lytle"
"Watsontown Nursing and Rehab",PA,none,"May 1, 2020 @ 5:15 pm by Mandy.Lytle"
"Grady Health System-Crestview Health &amp; Rehabilitation Center",GA,disable,"May 1, 2020 @ 8:14 am by Mandy.Lytle"
"Beaver City Manor",NE,none,"April 30, 2020 @ 8:18 am by Mandy.Lytle"
"Paul Oliver Memorial Hospital LTC",MI,none,"April 24, 2020 @ 12:06 pm by Mandy.Lytle"
"Barton Memorial Hospital",CA,none,"April 24, 2020 @ 12:05 pm by Mandy.Lytle"
"Kin On Health Care Center",WA,none,"April 23, 2020 @ 8:33 am by Mandy.Lytle"
"Cavalier Healthcare of England",AR,none,"April 23, 2020 @ 8:26 am by Mandy.Lytle"
"Memorial Hospital at Gulfport",MS,none,"April 22, 2020 @ 9:21 am by Mandy.Lytle"
"Westwood Nursing",MI,none,"April 15, 2020 @ 11:08 am by Mandy.Lytle"
"Beaconshire Nursing Centre",MI,none,"April 15, 2020 @ 11:07 am by Mandy.Lytle"
"Chesaning Nursing and Rehab",MI,none,"April 15, 2020 @ 11:07 am by Mandy.Lytle"
"Wellcare Consulting &amp; Management",MI,none,"April 15, 2020 @ 11:07 am by Mandy.Lytle"
"Core of Dale",IN,none,"April 9, 2020 @ 5:03 pm by Mandy.Lytle"
"Parkwood in the Pines",TX,none,"April 9, 2020 @ 9:50 am by Mandy.Lytle"
"Notre Dame Convalesant Home",CT,none,"April 8, 2020 @ 10:34 am by Mandy.Lytle"
"Argentine Care Center",MI,none,"April 8, 2020 @ 9:37 am by Mandy.Lytle"
"Miami Jewish Health Systems",FL,none,"April 6, 2020 @ 4:25 pm by Mandy.Lytle"
"Christian Horizons",IL,none,"April 6, 2020 @ 3:31 pm by mstypinski"
"Prestige Administrative Services LLC",KY,none,"April 6, 2020 @ 8:07 am by Mandy.Lytle"
"Generations Center of Spencer",TN,none,"March 31, 2020 @ 11:29 am by Mandy.Lytle"
"Generations of Red Bay",AL,none,"March 31, 2020 @ 11:28 am by Mandy.Lytle"
"Generations Management",AL,none,"March 31, 2020 @ 11:27 am by Mandy.Lytle"
"Generations of Vernon",AL,none,"March 31, 2020 @ 11:27 am by Mandy.Lytle"
"Vernon Manor Health Care Center",CT,none,"March 31, 2020 @ 11:22 am by Mandy.Lytle"
"Health Care Inc.",AL,none,"March 31, 2020 @ 11:02 am by Mandy.Lytle"
"Memorial Healthcare System",FL,none,"March 30, 2020 @ 10:45 am by Mandy.Lytle"
"Charleston Healthcare",LA,none,"March 30, 2020 @ 10:05 am by Mandy.Lytle"
"Burns Nursing &amp; Rehab",AL,none,"March 30, 2020 @ 9:39 am by Mandy.Lytle"
"Finnish American Rest Home",FL,none,"March 26, 2020 @ 12:57 pm by Mandy.Lytle"
"Hattiesburg Medical Park Management",MS,none,"March 26, 2020 @ 9:10 am by lorrel.filliater"
"The Kings Daughters and Sons Home",TN,none,"March 25, 2020 @ 2:29 pm by Mandy.Lytle"
"Pinewood Manor Nursing Home",GA,none,"March 25, 2020 @ 9:12 am by Mandy.Lytle"
"Allegan County Medical Care Community",MI,none,"March 25, 2020 @ 8:56 am by Mandy.Lytle"
"River View Health and Rehab",VA,none,"March 19, 2020 @ 12:41 pm by Mandy.Lytle"
"Windsor Healthcare Management",NJ,none,"March 16, 2020 @ 3:52 pm by Mandy.Lytle"
"Windsor Care Center",KY,none,"March 16, 2020 @ 11:49 am by Mandy.Lytle"
"DiaKonos Group",OK,none,"March 16, 2020 @ 11:12 am by Mandy.Lytle"
"Ashley Medical Center Nursing Home",ND,disable,"March 16, 2020 @ 11:09 am by Mandy.Lytle"
"National Church Residences",OH,none,"March 13, 2020 @ 12:53 pm by Mandy.Lytle"
"Gateway Care and Retirement",OR,none,"March 12, 2020 @ 2:02 pm by Mandy.Lytle"
"Washington Odd Fellows Home",WA,none,"March 9, 2020 @ 9:55 am by Mandy.Lytle"
"Westfield Quality Care of Aurora",NE,none,"March 9, 2020 @ 9:53 am by Mandy.Lytle"
"Hemingford Care Center",NE,none,"March 9, 2020 @ 9:52 am by Mandy.Lytle"
"Community Memorial Health Center",NE,none,"March 9, 2020 @ 9:52 am by Mandy.Lytle"
"Bedford Care Center Warren Hall LLC dba Bedford Care Center of Picayune",MS,none,"March 5, 2020 @ 11:25 am by Mandy.Lytle"
"Franklin County Rehab",VT,none,"March 5, 2020 @ 11:09 am by Mandy.Lytle"
"Auburn Healthcare",KY,none,"March 4, 2020 @ 10:39 am by Mandy.Lytle"
"St Lukes Sacred Heart Campus Transitional Care Facility",PA,none,"March 3, 2020 @ 8:34 am by mstypinski"
"St Lukes Miners Nursing and Rehabilitation Center- Coaldale",PA,none,"March 3, 2020 @ 8:32 am by mstypinski"
"St Lukes Health Network Inc dba St Lukes University Health Network",PA,none,"March 3, 2020 @ 8:28 am by mstypinski"
"Pioneer Manor",NE,none,"March 2, 2020 @ 3:44 pm by Mandy.Lytle"
"St. Luke's Home",ND,none,"March 2, 2020 @ 2:08 pm by Mandy.Lytle"
"Laurelbrook Nursing Home",TN,none,"February 27, 2020 @ 11:02 am by Mandy.Lytle"
"Russellville Health Care, Inc",AL,none,"February 25, 2020 @ 4:54 pm by Mandy.Lytle"
"Woodhaven Manor",AL,none,"February 25, 2020 @ 4:48 pm by Mandy.Lytle"
"Lebanon Veterans Home",OR,none,"February 25, 2020 @ 4:17 pm by Mandy.Lytle"
"Oregon Veterans Home The Dalles",OR,none,"February 25, 2020 @ 4:17 pm by Mandy.Lytle"
"Veterans Care Centers of Oregon/Westcare Management",OR,none,"February 25, 2020 @ 4:16 pm by Mandy.Lytle"
"Mennonite Village",OR,none,"February 25, 2020 @ 4:07 pm by Mandy.Lytle"
"Mary Wade",CT,none,"February 25, 2020 @ 3:00 pm by Mandy.Lytle"
"Hartford Healthcare Senior Services, Inc.",CT,none,"February 25, 2020 @ 3:00 pm by Mandy.Lytle"
Livewell,CT,none,"February 25, 2020 @ 2:59 pm by Mandy.Lytle"
"Fairview, Odd Fellows Home of Connecticut",CT,none,"February 25, 2020 @ 2:59 pm by Mandy.Lytle"
McLean,CT,none,"February 25, 2020 @ 2:58 pm by Mandy.Lytle"
"Saint Joseph's Living Center",CT,none,"February 25, 2020 @ 2:57 pm by Mandy.Lytle"
"Connecticut Baptist Homes",CT,none,"February 25, 2020 @ 2:55 pm by Mandy.Lytle"
"Monsignor Bojnowski Manor",CT,none,"February 25, 2020 @ 2:53 pm by Mandy.Lytle"
"Wesley Des Moines",WA,none,"February 25, 2020 @ 2:52 pm by Mandy.Lytle"
"McKay Healthcare and Rehab Center",WA,none,"February 25, 2020 @ 2:52 pm by Mandy.Lytle"
"Wathena Health &amp; Rehabilitation",KS,none,"February 25, 2020 @ 2:31 pm by Mandy.Lytle"
"Sandpiper Health &amp; Rehabilitation",KS,none,"February 25, 2020 @ 2:31 pm by Mandy.Lytle"
"Rossville Health &amp; Rehab",KS,none,"February 25, 2020 @ 2:29 pm by Mandy.Lytle"
"Richmond Health &amp; Rehab",KS,none,"February 25, 2020 @ 2:29 pm by Mandy.Lytle"
"Louisburg Health &amp; Rehab",KS,none,"February 25, 2020 @ 2:27 pm by Mandy.Lytle"
"Highland Health &amp; Rehabilitation",KS,none,"February 25, 2020 @ 2:26 pm by Mandy.Lytle"
"Flints Hills Care Center",KS,none,"February 25, 2020 @ 2:25 pm by Mandy.Lytle"
"Baldwin Health &amp; Rehabilitation",KS,none,"February 25, 2020 @ 2:25 pm by Mandy.Lytle"
"Quality Healthcare of Bothell",WA,none,"February 25, 2020 @ 1:33 pm by Mandy.Lytle"
"Appling Nursing and Rehab Pavilion",GA,none,"February 25, 2020 @ 1:14 pm by mstypinski"
"Terrace Manor Nursing and Rehab Center",MS,none,"February 25, 2020 @ 1:09 pm by mstypinski"
"Silver Cross Health and Rehab",MS,none,"February 25, 2020 @ 12:54 pm by mstypinski"
"Landmark Nursing and Rehab Center",MS,none,"February 25, 2020 @ 12:41 pm by mstypinski"
"Clarkson Community Care Center",NE,none,"February 25, 2020 @ 11:25 am by Mandy.Lytle"
"Beacon Hill at Eastgate",MI,none,"February 25, 2020 @ 10:57 am by Mandy.Lytle"
"Lourdes Senior Community",MI,none,"February 25, 2020 @ 10:57 am by Mandy.Lytle"
"Martha T Berry MCF",MI,none,"February 25, 2020 @ 10:56 am by Mandy.Lytle"
"Oakview Medical Care Facility",MI,none,"February 25, 2020 @ 10:56 am by Mandy.Lytle"
"Ingham County Medical Care Facility",MI,none,"February 25, 2020 @ 10:55 am by Mandy.Lytle"
"EHM Senior Solutions",MI,none,"February 25, 2020 @ 10:54 am by Mandy.Lytle"
"Kalkaska Memorial Health Center",MI,none,"February 25, 2020 @ 10:53 am by Mandy.Lytle"
"Resthaven Care Center",MI,none,"February 25, 2020 @ 10:52 am by Mandy.Lytle"
"The Gilbert Residence",MI,none,"February 25, 2020 @ 10:52 am by Mandy.Lytle"
"Clark Retirement Community",MI,none,"February 25, 2020 @ 10:51 am by Mandy.Lytle"
"Vista Grande Villa",MI,none,"February 25, 2020 @ 10:51 am by Mandy.Lytle"
"Crawford Continuing Care",MI,none,"February 25, 2020 @ 10:50 am by Mandy.Lytle"
"Scheurer Hospital LTC",MI,none,"February 25, 2020 @ 10:49 am by Mandy.Lytle"
"Thurston Woods Village",MI,none,"February 25, 2020 @ 10:49 am by Mandy.Lytle"
"Friendship Village of Kalamazoo",MI,none,"February 25, 2020 @ 10:47 am by Mandy.Lytle"
"Fleischman Residence",MI,none,"February 25, 2020 @ 10:46 am by Mandy.Lytle"
"United Methodist Retirement Communities, Inc.",MI,none,"February 25, 2020 @ 10:36 am by Mandy.Lytle"
"Edison Christian Life Services",MI,none,"February 25, 2020 @ 9:39 am by Mandy.Lytle"
"Wellspring Lutheran Services",MI,none,"February 25, 2020 @ 9:39 am by Mandy.Lytle"
"Pine Ridge: A Rehabilitation &amp; Nursing Center",MI,none,"February 25, 2020 @ 8:25 am by Mandy.Lytle"
"Silsbee Oaks Health Care, L.L.P",TX,none,"February 25, 2020 @ 8:14 am by Mandy.Lytle"
"Magnolia Place Health Care, L.L.P.",TX,none,"February 25, 2020 @ 8:13 am by Mandy.Lytle"
"Pine Ridge Health Care, L.L.P.",TX,none,"February 24, 2020 @ 4:55 pm by Mandy.Lytle"
"Eagle Crest Health Care, L.L.P",TX,none,"February 24, 2020 @ 4:55 pm by Mandy.Lytle"
"Cornerstone Gardens Health Care, LLP",TX,none,"February 24, 2020 @ 4:54 pm by Mandy.Lytle"
"Azle Manor Health Care, L.L.P.",TX,none,"February 24, 2020 @ 4:51 pm by Mandy.Lytle"
"Oak Management Service, LLC",TX,none,"February 24, 2020 @ 4:50 pm by Mandy.Lytle"
"Presbyterian Villages of Michigan",MI,none,"February 24, 2020 @ 4:44 pm by Mandy.Lytle"
"Otsego Memorial Hospital/McReynolds Hall",MI,none,"February 24, 2020 @ 4:41 pm by Mandy.Lytle"
"St. Ann's Home",MI,none,"February 24, 2020 @ 4:13 pm by Mandy.Lytle"
"Samaritas Senior Living Corporate",MI,none,"February 24, 2020 @ 4:13 pm by Mandy.Lytle"
"Heritage Community of Kalamazoo",MI,none,"February 24, 2020 @ 4:12 pm by Mandy.Lytle"
"Masonic Pathways",MI,none,"February 24, 2020 @ 4:11 pm by Mandy.Lytle"
"Warwick Living Center",MI,none,"February 24, 2020 @ 4:11 pm by Mandy.Lytle"
"Church of Christ Care Center",MI,none,"February 24, 2020 @ 4:02 pm by Mandy.Lytle"
"Holland Home Brenton Rehab Living Center",MI,none,"February 24, 2020 @ 4:00 pm by Mandy.Lytle"
"Woodhaven Retirement Community",MI,none,"February 24, 2020 @ 3:13 pm by Mandy.Lytle"
"Stones River Manor, Inc.",TN,none,"February 24, 2020 @ 1:34 pm by Mandy.Lytle"
"Westbury Medical Care and Rehabilitation of Jackson",GA,none,"February 24, 2020 @ 8:43 am by Mandy.Lytle"
"Wellspring Lutheran Services of Monroe",MI,none,"February 21, 2020 @ 4:09 pm by Mandy.Lytle"
"Livonia Woods Nursing and Rehabilitation",MI,none,"February 21, 2020 @ 4:07 pm by Mandy.Lytle"
"Wellspring Lutheran Services of Frankenmuth",MI,none,"February 21, 2020 @ 4:06 pm by Mandy.Lytle"
"Wellspring Lutheran Services Fairview",MI,none,"February 21, 2020 @ 4:04 pm by Mandy.Lytle"
"Regency Retirement Village of Huntsville",AL,none,"February 21, 2020 @ 11:31 am by Mandy.Lytle"
"TLC Nursing Center",AL,none,"February 21, 2020 @ 9:59 am by Mandy.Lytle"
"Meadowview Nursing Center",AL,none,"February 21, 2020 @ 9:58 am by Mandy.Lytle"
"Altoona Health &amp; Rehab",AL,none,"February 21, 2020 @ 9:58 am by Mandy.Lytle"
"Cloverdale Rehabilitation and Nursing Center",AL,none,"February 21, 2020 @ 9:57 am by Mandy.Lytle"
"West Gate Village",AL,none,"February 20, 2020 @ 2:28 pm by Mandy.Lytle"
"The Huie Group",AL,none,"February 20, 2020 @ 2:26 pm by Mandy.Lytle"
"Parkwood Health Care",AL,none,"February 20, 2020 @ 2:25 pm by Mandy.Lytle"
"Madison Manor",AL,none,"February 20, 2020 @ 2:25 pm by Mandy.Lytle"
"Arkanas State Veteran's Home",AR,none,"February 20, 2020 @ 2:25 pm by Mandy.Lytle"
"Jackson Health Care",AL,none,"February 20, 2020 @ 2:24 pm by Mandy.Lytle"
"Evergreen Nursing and Rehabilitation",AL,none,"February 20, 2020 @ 2:24 pm by Mandy.Lytle"
"Englewood Health Care Center",AL,none,"February 20, 2020 @ 2:24 pm by Mandy.Lytle"
"Crowne Healthcare of Greenville",AL,none,"February 20, 2020 @ 2:23 pm by Mandy.Lytle"
"Crowne Health of Montgomery",AL,none,"February 20, 2020 @ 2:23 pm by Mandy.Lytle"
"Crowne Health Care of Springhill",AL,none,"February 20, 2020 @ 1:33 pm by Mandy.Lytle"
"Crowne Health Care of Mobile",AL,none,"February 20, 2020 @ 12:37 pm by Mandy.Lytle"
"Crowne Health Care of Fort Payne",AL,none,"February 20, 2020 @ 12:33 pm by Mandy.Lytle"
"Crowne Health Care of Citronelle",AL,none,"February 20, 2020 @ 12:33 pm by Mandy.Lytle"
"Crowne Eufaula",AL,none,"February 20, 2020 @ 12:32 pm by Mandy.Lytle"
"Crowne Assisted Living Facilities",AL,none,"February 20, 2020 @ 12:32 pm by Mandy.Lytle"
"Brown Nursing Home",AL,none,"February 20, 2020 @ 12:31 pm by Mandy.Lytle"
"Atmore Nursing Center",AL,none,"February 20, 2020 @ 12:30 pm by Mandy.Lytle"
"Crowne Healthcare",AL,none,"February 20, 2020 @ 12:30 pm by Mandy.Lytle"
"Ball Health Care",AL,none,"February 20, 2020 @ 12:30 pm by Mandy.Lytle"
"Akron Care Center, Inc.",IA,none,"February 20, 2020 @ 12:29 pm by Mandy.Lytle"
"AJ Gallagher",AL,none,"February 20, 2020 @ 11:49 am by Mandy.Lytle"
"Brandermill Woods",VA,none,"February 20, 2020 @ 11:49 am by Mandy.Lytle"
"Advantage Living Centers",MI,none,"February 20, 2020 @ 11:45 am by Mandy.Lytle"
"Advanced Healthcare Solutions",TX,none,"February 20, 2020 @ 11:40 am by Mandy.Lytle"
"Pontotoc Health and Rehab",MS,none,"February 20, 2020 @ 11:04 am by Mandy.Lytle"
"Oxford Health and Rehab",MS,none,"February 20, 2020 @ 11:04 am by Mandy.Lytle"
"New Albany Health and Rehab",MS,none,"February 20, 2020 @ 11:04 am by Mandy.Lytle"
"Desoto Healthcare Center",MS,none,"February 20, 2020 @ 11:03 am by Mandy.Lytle"
"Carthage Health and Rehab Center",MS,none,"February 20, 2020 @ 11:03 am by Mandy.Lytle"
"Arrington Living Center",MS,none,"February 20, 2020 @ 11:02 am by Mandy.Lytle"
"Advanced Healthcare Management",MS,none,"February 20, 2020 @ 11:02 am by Mandy.Lytle"
"Westbury Health and Rehabilitation- McDonough",GA,none,"February 20, 2020 @ 11:01 am by Mandy.Lytle"
"Westbury Health and Rehabilitation Center- Conyers",GA,none,"February 20, 2020 @ 11:01 am by Mandy.Lytle"
"Brightmoor Nursing Center",GA,none,"February 20, 2020 @ 11:01 am by Mandy.Lytle"
"Addington Enterprises",GA,none,"February 20, 2020 @ 11:01 am by Mandy.Lytle"
"Accurate Healthcare Inc",TN,none,"February 20, 2020 @ 10:57 am by Mandy.Lytle"
"Prairie Mission Retirement Village",KS,none,"February 18, 2020 @ 2:07 pm by Mandy.Lytle"
"Spring Meadows Health Care Center",TN,none,"February 18, 2020 @ 12:27 pm by Mandy.Lytle"
"Valley View Home",MT,none,"February 18, 2020 @ 9:35 am by Mandy.Lytle"
"Valley View Retirement Community",PA,none,"February 18, 2020 @ 9:30 am by Mandy.Lytle"
"Mississippi Methodist Senior Services",MS,none,"February 14, 2020 @ 3:27 pm by Mandy.Lytle"
"Plantation Manor Nursing Home",AL,none,"February 14, 2020 @ 2:15 pm by Mandy.Lytle"
"Early Memorial Nursing Home",GA,none,"February 13, 2020 @ 10:59 am by Mandy.Lytle"
"Josephine Caring Community",WA,none,"February 12, 2020 @ 2:02 pm by Mandy.Lytle"
"Memorial Healthcare",MI,none,"February 10, 2020 @ 2:07 pm by Mandy.Lytle"
"Charles Cole Memorial Hospital ECF",PA,disable,"January 31, 2020 @ 10:52 am by mstypinski"
"Norfolk Veterans Home",NE,none,"January 30, 2020 @ 2:08 pm by Mandy.Lytle"
"Eastern Nebraska Veterans Home",NE,none,"January 30, 2020 @ 2:07 pm by Mandy.Lytle"
"Western Nebraska Veterans Home",NE,none,"January 30, 2020 @ 2:06 pm by Mandy.Lytle"
"Central Nebraska Veterans Home",NE,none,"January 30, 2020 @ 2:06 pm by Mandy.Lytle"
"Wedgewood Manor",ND,none,"January 28, 2020 @ 10:42 am by Mandy.Lytle"
"Good Shepherd Lutheran Community",NE,none,"January 13, 2020 @ 10:58 am by Mandy.Lytle"
"Indiana Masonic Home at Compass Park",IN,none,"January 9, 2020 @ 4:49 pm by Mandy.Lytle"
"Fairfield Memorial Hospital",IL,none,"January 9, 2020 @ 12:32 pm by Mandy.Lytle"
"Pleasant View Shiawassee County Medical Care Facility",MI,none,"January 6, 2020 @ 4:22 pm by Mandy.Lytle"
"Woodland Village",MS,none,"January 6, 2020 @ 11:07 am by mstypinski"
"Stone County",MS,none,"January 6, 2020 @ 11:06 am by mstypinski"
"Leaksville Rehab",MS,none,"January 6, 2020 @ 11:04 am by mstypinski"
"Optalis Healthcare",MI,none,"January 3, 2020 @ 12:29 pm by mstypinski"
